ก,ก
,
ข,ข
,
ฃ,ฃ
ค,ค
ฅ,ฅ
,
ฆ,ฆ
ง,ง
,
จ,จ
ฉ,ฉ
ช,ช
,
ซ,ซ
,
ณ,ณ
,
ญ,ญ
ฎ,ฎ
,
ฏ,ฏ
ฐ,ฐ
ฑ,ฑ
,
,
ด,ด
ต,ต
,
ถ,ถ
,
ท,ท
ธ,ธ
น,น
บ,บ
ป,ป
ผ,ผ
ฝ,ฝ
พ,พ
ฟ,ฟ
ภ,ภ
ม,ม
ย,ย
ร,ร
ฤ,ฤ
,
ล,ล
,
ฦ,ฦ
ว,ว
ศ,ศ
,
ษ,ษ
ส,ส
ห,ห
,
ฬ,ฬ
,
อ,อ
ฮ,ฮ
ฯ,ฯ
ะ,ะ
,
,
,
ั,ั
า,า
ำ,ำ
,
ิ,ิ
ี,ี
ึ,ึ
ื,ื
ุ,ุ
ู,ู
,
,
฿,฿
เ,เ
เ,เ
เ,เ
โ,โ
ใ,ใ
ไ,ไ
า,า
ๆ,ๆ
็,็
่,่
้,้
๊,๊
๋,๋
์,์
ํ,ํ
๊,๊
๐,๐
๐,๐
๑,๑
,
๒,๒
๓,๓
๔,๔
๕,๕
๖,๖
๗,๗
๘,๘
๙,๙
,
ฯ,ฯ
๐,๐
ก,ก
ข,ข
ฃ,ฃ
ค,ค
ฅ,ฅ
ฆ,ฆ
ง,ง
จ,จ
ฉ,ฉ
ช,ช
,
ซ,ซ
ฌ,ฌ
ญ,ญ
ฎ,ฎ
ฏ,ฏ
ฐ,ฐ
ฑ,ฑ
ฒ,ฒ
ณ,ณ
ด,ด
,
ถ,ถ
ท,ท
ธ,ธ
น,น
บ,บ
ป,ป
ผ,ผ
ฝ,ฝ
พ,พ
ฟ,ฟ
ภ,ภ
ม,ม
ย,ย
ร,ร
ฤ,ฤ
ล,ล
ฦ,ฦ
ว,ว
ศ,ศ
ษ,ษ
ส,ส
ห,ห
ฬ,ฬ
อ,อ
ฮ,ฮ
ฯ,ฯ
ะ,ะ
ก,ก
ข,ข
,
ฃ,ฃ
,
ค,ค
ฅ,ฅ
ฆ,ฆ
ง,ง
จ,จ
,
ฉ,ฉ
ช,ช
ซ,ซ
ฌ,ฌ
ญ,ญ
ฎ,ฎ
ฏ,ฏ
ฐ,ฐ
ฑ,ฑ
ฒ,ฒ
ณ,ณ
ด,ด
ต,ต
ถ,ถ
ท,ท
ธ,ธ
,
น,น
บ,บ
ป,ป
ผ,ผ
ฝ,ฝ
,
พ,พ
ฟ,ฟ
ภ,ภ
ม,ม
ย,ย
ร,ร
,
ฤ,ฤ
ล,ล
ฦ,ฦ
ว,ว
ศ,ศ
,
ษ,ษ
ส,ส
ห,ห
ฬ,ฬ
อ,อ
ฮ,ฮ
ฯ,ฯ
ะ,ะ
ั,ั
า,า
,
ำ,ำ
ิ,ิ
ี,ี
ึ,ึ
ื,ื
ุ,ุ
ู,ู
 , 
฿,฿
เ,เ
เ,เ
เ,เ
โ,โ
ใ,ใ
,
ไ,ไ
า,า
ๆ,ๆ
,
็,็
,
 , 
,
้,้
,
๊,๊
๋,๋
์,์
ํ,ํ
๊,๊
๐,๐
๐,๐
๑,๑
,
๒,๒
๓,๓
๔,๔
๕,๕
๖,๖
๗,๗
๘,๘
๙,๙
ฯ,ฯ
,
๐,๐
,
,
,
,
ก,ก
,
ค,ค
ว,ว
า,า
ม,ม
ส่,ส่
ว,ว
นง,นง
า,า
น,น
ภ,ภ
า,า
ควิ,ควิ
ชา,ชา
วิ,วิ
ศ,ศ
ว,ว
ก,ก
,
ร,ร
ร,ร
ม,ม
ค,ค
อม,อม
พิ,พิ
ว,ว
เ,เ
ต,ต
อ,อ
ร์,ร์
,
โท,โท
ร,ร
 , 
๐,๐
๒,๒
-,-
๗,๗
๙,๙
๗-,๗-
๐,๐
๙,๙
๙,๙
๙,๙
ต่,ต่
อ,อ
๑,๑
๔๐,๔๐
๓,๓
-๑,-๑
๔๐,๔๐
๔,๔
,
,
,
,
,
,
,
,
,
,
,
,
,
,
,
,
-,-
-,-
,
,
,
,
,
,
,
,
,
,
,
,
,
,
,
,
,
,
,
,
,
,
,
,
,
,
,
,
,
,
,
จึ,จึ
ง,ง
,
เรีย,เรีย
น,น
ม,ม
า,า
,
เ,เ
พื่,พื่
อ,อ
โ,โ
ป,ป
ร,ร
ด,ด
พิ,พิ
จ,จ
า,า
ร,ร
ณ,ณ
า,า
เ,เ
เ,เ
,
า,า
นัก,นัก
ท,ท
ะ,ะ
เบี,เบี
ย,ย
น,น
เ,เ
เ,เ
ล,ล
ะ,ะ
ป,ป
ร,ร
ะ,ะ
ม,ม
ว,ว
ล,ล
ผ,ผ
ล,ล
ดํ,ดํ
า,า
เนิ,เนิ
น,น
ก,ก
า,า
ร,ร
ต่,ต่
อไป,อไป
(น,(น
า,า
ย,ย
ชัย,ชัย
พ,พ
ร,ร
ใ,ใ
จ,จ
เ,เ
เ,เ
ก้ว),ก้ว)
รัก,รัก
ษ,ษ
า,า
ก,ก
า,า
ร,ร
เ,เ
เท,เท
น,น
หัว,หัว
ห,ห
น้า,น้า
,
ภ,ภ
า,า
,
ควิ,ควิ
ช,ช
าวิ,าวิ
ศ,ศ
ว,ว
ก,ก
ร,ร
ร,ร
ม,ม
ค,ค
อ,อ
ม,ม
พิ,พิ
ว,ว
เ,เ
ต,ต
อ,อ
ร์,ร์
,
,
,
,
น,น
,
,
ก,ก
,
,
ค,ค
ว,ว
า,า
ม,ม
ส่,ส่
ว,ว
น,น
ร,ร
า,า
ช,ช
ก,ก
า,า
ร,ร
,
ภ,ภ
า,า
ค,ค
วิ,วิ
ช,ช
า,า
วิ,วิ
ศว,ศว
ก,ก
ร,ร
ร,ร
ม,ม
ค,ค
อ,อ
ม,ม
พิ,พิ
ว,ว
เ,เ
ต,ต
อ,อ
ร์,ร์
โท,โท
ร,ร
,
9,9
4,4
2,2
-,-
8,8
,
5,5
5,5
5,5
ต่,ต่
อ,อ
,
1,1
,
4,4
0,0
3,3
-,-
,
ฯ,ฯ
,
4,4
0,0
4,4
,
,
,
ท,ท
ม,ม
0,0
4,4
0,0
7,7
,
,
,
0,0
3,3
/,/
วํ,วํ
น,น
ที่,ที่
,
2,2
8,8
พ,พ
ฤ,ฤ
ษ,ษ
ภ,ภ
า,า
ค,ค
ม,ม
2,2
5,5
,
4,4
4,4
,
เรื่,เรื่
อ,อ
ง,ง
,
ข,ข
อ,อ
เปิ,เปิ
ด,ด
รา,รา
ย,ย
วิ,วิ
ช,ช
า,า
เ,เ
พิ่,พิ่
ม,ม
,
,
,
เรี,เรี
ย,ย
น,น
ค,ค
ณ,ณ
บ,บ
ดี,ดี
ค,ค
ณ,ณ
ะ,ะ
วิ,วิ
,
ศว,ศว
ก,ก
ร,ร
ร,ร
ม,ม
,
ศ,ศ
า,า
ส,ส
ต,ต
ร์,ร์
,
,
เป็,เป็
น,น
วิ,วิ
ชา,ชา
,
เฉพ,เฉพ
า,า
ะ,ะ
เลื,เลื
อ,อ
ก,ก
เพี,เพี
ยง,ยง
,
,
2,2
วิ,วิ
ชา,ชา
,
เท่,เท่
า,า
นั้น,นั้น
,
,
,
,
,
,
,
,
,
,
,
,
,
,
,
,
,
,
,
วิ,วิ
ศ,ศ
ว,ว
ก,ก
ร,ร
ร,ร
ม,ม
ค,ค
อ,อ
ม,ม
พิ,พิ
ว,ว
เ,เ
ต,ต
อ,อ
ร์,ร์
โ,โ
ด,ด
ย,ย
มี,มี
อ,อ
,
,
ด,ด
ร,ร
,
,
อ,อ
า,า
น,น
น,น
ท์,ท์
,
รุ่ง,รุ่ง
สว่,สว่
า,า
ง,ง
,
เ,เ
ป็,ป็
น,น
อา,อา
จ,จ
า,า
ร,ร
ย์ป,ย์ป
ร,ร
ะ,ะ
จํ,จํ
า,า
วิ,วิ
ชา,ชา
ดัง,ดัง
ก,ก
ล่,ล่
า,า
ว,ว
ห,ห
า,า
ก,ก
เ,เ
ห็,ห็
น,น
ชอ,ชอ
บ,บ
,
,
ข,ข
อไ,อไ
ด้โ,ด้โ
ป,ป
ร,ร
ด,ด
พิ,พิ
จ,จ
า,า
ร,ร
ณ,ณ
า,า
เส,เส
น,น
อ,อ
,
,
,
จึ,จึ
ง,ง
เรี,เรี
ย,ย
น,น
ม,ม
า,า
เ,เ
พื่,พื่
อ,อ
โ,โ
ป,ป
ร,ร
ด,ด
พิ,พิ
จ,จ
า,า
ร,ร
ณ,ณ
า,า
อ,อ
นุ,นุ
มัติ,มัติ
,
,
,
,
,
ก,ก
,
ค,ค
,
า,า
ม,ม
,
,
ที่,ที่
อ,อ
ว,ว
๖,๖
๕,๕
๐,๐
๑,๑
-,-
๑,๑
๐,๐
๐,๐
๓/,๓/
,
พ,พ
ฤ,ฤ
ศ,ศ
จิ,จิ
ก,ก
า,า
,
ย,ย
น,น
๒,๒
๕,๕
๖,๖
๒,๒
,
เรื่,เรื่
อ,อ
ง,ง
,
ข,ข
อโ,อโ
อ,อ
น,น
นิ,นิ
สิ,สิ
ต,ต
อ,อ
า,า
จ,จ
า,า
ร,ร
ย์,ย์
ที่,ที่
ปรึ,ปรึ
ก,ก
ษา,ษา
ป,ป
ร,ร
ะ,ะ
จํ,จํ
า,า
ตัว,ตัว
นิ,นิ
สิ,สิ
ต,ต
,
,
ด้ว,ด้ว
ย,ย
ภ,ภ
า,า
,
ค,ค
วิ,วิ
ช,ช
า,า
วิศ,วิศ
ว,ว
ก,ก
ร,ร
ร,ร
ม,ม
ค,ค
อ,อ
ม,ม
พิ,พิ
ว,ว
เ,เ
ต,ต
อร์,อร์
มี,มี
ค,ค
ว,ว
า,า
ม,ม
ป,ป
ร,ร
ะ,ะ
ส,ส
ง,ง
ค์จ,ค์จ
ะ,ะ
เป,เป
ลี่,ลี่
ย,ย
น,น
เ,เ
เ,เ
ป,ป
ล,ล
ง,ง
อ,อ
า,า
จ,จ
า,า
ร,ร
ย์ใ,ย์ใ
,
รึ,รึ
ก,ก
ษ,ษ
า,า
นิ,นิ
สิ,สิ
ต,ต
ข,ข
อง,อง
ร,ร
ศ,ศ
,
ด,ด
ร,ร
,
,
ย์,ย์
,
,
,
,
,
,
,
,
,
ด้เ,ด้เ
ก,ก
ษี,ษี
ย,ย
ณ,ณ
อ,อ
า,า
ยุ,ยุ
ร,ร
า,า
ช,ช
ก,ก
า,า
ร,ร
เ,เ
มื่,มื่
อ,อ
เ,เ
ดือ,ดือ
น,น
ตุล,ตุล
า,า
ค,ค
ม,ม
๒,๒
๕,๕
๖,๖
๒,๒
ใน,ใน
ก,ก
า,า
ร,ร
นี้,นี้
ภ,ภ
า,า
ควิ,ควิ
ช,ช
า,า
ฯ,ฯ
,
,
จึ,จึ
งใ,งใ
ค,ค
ร่,ร่
,
,
,
,
,
,
,
,
,
,
,
,
,
,
,
,
,
,
หัว,หัว
ห,ห
น้า,น้า
ภ,ภ
า,า
ควิ,ควิ
ช,ช
าวิ,าวิ
ศ,ศ
ว,ว
ก,ก
ร,ร
ร,ร
ม,ม
ค,ค
อ,อ
ม,ม
พิ,พิ
ว,ว
เ,เ
ต,ต
อ,อ
ร์,ร์
,
,
,
ก,ก
,
ค,ค
ว,ว
า,า
ม,ม
ส่,ส่
ว,ว
น,น
ง,ง
า,า
น,น
,
ภ,ภ
า,า
ควิช,ควิช
า,า
วิ,วิ
ศ,ศ
ว,ว
ก,ก
ร,ร
ร,ร
ม,ม
ค,ค
อ,อ
ม,ม
พิว,พิว
เ,เ
ต,ต
อ,อ
ร์,ร์
โท,โท
ร,ร
,
๐,๐
-๒,-๒
๗,๗
๙,๙
๗-,๗-
๐,๐
๙,๙
๙,๙
๙,๙
ต่,ต่
อ,อ
,
๑,๑
๔,๔
๐,๐
๓,๓
-,-
๑,๑
๔,๔
๐,๐
๔,๔
,
อ,อ
,
,
ว,ว
,
,
,
ป,ป
ฏิ,ฏิ
บัติ,บัติ
ก,ก
า,า
ร,ร
ค,ค
อ,อ
ม,ม
พิ,พิ
ว,ว
เ,เ
ต,ต
อ,อ
ร์,ร์
,
ศูน,ศูน
ย์,ย์
ค,ค
อ,อ
ม,ม
พิ,พิ
ว,ว
,
เ,เ
ต,ต
อ,อ
ร์,ร์
วิ,วิ
ศ,ศ
,
,
พ,พ
ฤ,ฤ
ศ,ศ
จิ,จิ
ก,ก
า,า
ย,ย
น,น
๒,๒
๕,๕
๖,๖
๒,๒
,
,
เรีย,เรีย
น,น
หัว,หัว
ห,ห
น้า,น้า
ศู,ศู
น,น
ย,ย
ค,ค
อ,อ
ม,ม
พิ,พิ
ว,ว
,
เ,เ
ต,ต
,
อ,อ
ร์วิ,ร์วิ
ศ,ศ
ว,ว
ก,ก
ร,ร
รม,รม
,
,
,
,
,
,
,
,
,
,
,
,
,
,
,
,
,
,
,
,
,
,
(,(
น,น
า,า
ย,ย
ชัย,ชัย
พ,พ
ร,ร
ใจ,ใจ
เ,เ
เ,เ
ก้ว,ก้ว
),)
รัก,รัก
ษ,ษ
า,า
ก,ก
า,า
ร,ร
เ,เ
เท,เท
น,น
,
,
,
,
ก,ก
,
ค,ค
ว,ว
า,า
ม,ม
,
ส่,ส่
ว,ว
น,น
ง,ง
า,า
น,น
,
ภ,ภ
า,า
ควิ,ควิ
ช,ช
าวิ,าวิ
ศ,ศ
ว,ว
ก,ก
ร,ร
รม,รม
ค,ค
อ,อ
ม,ม
พิ,พิ
ว,ว
เ,เ
ต,ต
,
อ,อ
ร์,ร์
ค,ค
ณ,ณ
ะ,ะ
วิ,วิ
ศ,ศ
ว,ว
ก,ก
ร,ร
ร,ร
ม,ม
ศ,ศ
า,า
ส,ส
ต,ต
ร์,ร์
โ,โ
ท,ท
ร,ร
,
๐,๐
๒,๒
-,-
๗,๗
๙,๙
๗-,๗-
๐,๐
๙,๙
๙,๙
๙,๙
ต่,ต่
อ,อ
๐,๐
๔,๔
๐,๐
๓,๓
-,-
๑,๑
๔,๔
๐,๐
๔,๔
,
,
,
,
,
,
,
,
,
,
,
,
,
,
,
,
,
,
,
,
,
,
,
,
,
,
,
,
,
,
,
,
,
,
,
ใน,ใน
ก,ก
า,า
ร,ร
นี้,นี้
ข้า,ข้า
พ,พ
เ,เ
จ้า,จ้า
จึงใ,จึงใ
ค,ค
ร่ข,ร่ข
อ,อ
ค,ค
ว,ว
า,า
ม,ม
อ,อ
นุ,นุ
เ,เ
ค,ค
ร,ร
า,า
ะ,ะ
,
า,า
ย,ย
ภ,ภ
า,า
ณุ,ณุ
วัฒ,วัฒ
น์,น์
ว,ว
ณิ,ณิ
ชวิ,ชวิ
วัฒ,วัฒ
น์,น์
,
ร,ร
หั,หั
ส,ส
5ง,5ง
9,9
1,1
,
4,4
5,5
0,0
1,1
4,4
3,3
1,1
,
4,4
5,5
0,0
1,1
4,4
3,3
1,1
,
นิ,นิ
สิ,สิ
ต,ต
,
-,-
,
,
,
,
,
พื้น,พื้น
,
,
,
,
,
,
,
ร,ร
ะ,ะ
บบ,บบ
ค,ค
ว,ว
า,า
ม,ม
ป,ป
ล,ล
,
อ,อ
ด,ด
ภัย,ภัย
ตั้ง,ตั้ง
เ,เ
เ,เ
ต่,ต่
๑,๑
,
,
,
พื่,พื่
,
,
,
,
,
,
,
,
,
,
,
,
,
,
,
,
,
,
,
,
,
,
,
,
,
,
,
,
ก,ก
,
อ,อ
ค,ค
ว,ว
า,า
ม,ม
,
,
,
,
,
,
,
,
,
,
,
,
,
,
๖,๖
เรี,เรี
ย,ย
น,น
อ,อ
า,า
จ,จ
า,า
ร,ร
ย์ป,ย์ป
ร,ร
ะ,ะ
จํ,จํ
า,า
วิ,วิ
ช,ช
า,า
,
๐,๐
๑,๑
๒,๒
๐,๐
๔,๔
๑,๑
๑,๑
๑,๑
C,C
o,o
m,m
p,p
u,u
t,t
e,e
r,r
,
&,&
,
P,P
r,r
o,o
g,g
r,r
a,a
m,m
m,m
i,i
n,n
g,g
,
,
,
,
,
,
,
,
,
,
,
,
น,น
อ,อ
ก,ก
ต,ต
า,า
ร,ร
า,า
ง,ง
ส,ส
อ,อ
บ,บ
,
,
,
,
,
,
,
,
,
,
,
,
๓,๓
,
น,น
า,า
ง,ง
ส,ส
า,า
ว,ว
,
า,า
อ,อ
,
ติ,ติ
วัฒ,วัฒ
น,น
ชัย,ชัย
๕,๕
๖,๖
๑,๑
๐,๐
๕,๕
๐,๐
๐,๐
๐,๐
๖,๖
๑,๑
,
๔,๔
,
น,น
า,า
ย,ย
ค,ค
ณิ,ณิ
ต,ต
ก,ก
ร,ร
สัจ,สัจ
จ,จ
อุ,อุ
ต,ต
ต,ต
ร,ร
า,า
๕,๕
๖,๖
๑,๑
๐,๐
๕,๕
๐,๐
๐,๐
๓,๓
๑,๑
๑,๑
,
๕,๕
,
นา,นา
ย,ย
อ,อ
ธิ,ธิ
เ,เ
บ,บ
ศ,ศ
ร์,ร์
,
ธ,ธ
น,น
ส,ส
า,า
ร,ร
ส,ส
วน,วน
เ,เ
เ,เ
ต,ต
ง,ง
๕,๕
๖,๖
๑,๑
๐,๐
๕,๕
๐,๐
๑,๑
๐,๐
๒,๒
๔,๔
,
,
,
,
,
,
(น,(น
า,า
ย,ย
ภุ,ภุ
ช,ช
ง,ง
ค์,ค์
,
อุ,อุ
ทโ,ทโ
ย,ย
ภ,ภ
า,า
ศ,ศ
),)
,
,
,
,
ก,ก
,
,
ค,ค
ว,ว
า,า
,
ม,ม
ส่,ส่
ว,ว
น,น
ง,ง
า,า
น,น
,
ภ,ภ
า,า
ควิ,ควิ
ช,ช
า,า
วิ,วิ
ศ,ศ
ว,ว
ก,ก
ร,ร
รม,รม
ค,ค
อ,อ
ม,ม
พิ,พิ
ว,ว
เ,เ
ต,ต
อ,อ
ร์,ร์
โ,โ
ท,ท
ร,ร
,
,
๐,๐
-๒,-๒
๗,๗
๙,๙
๗-๐,๗-๐
๙,๙
๙,๙
๙,๙
,
ภ,ภ
า,า
ยใน,ยใน
๖,๖
๘,๘
๑,๑
๔,๔
๐,๐
๓,๓
-,-
๑,๑
๔,๔
๐,๐
๔,๔
,
ที่,ที่
ศธ,ศธ
,
๐,๐
๕,๕
๑,๑
๓,๓
,
๑,๑
๐,๐
๘,๘
๐,๐
๓/,๓/
,
วัน,วัน
ที่,ที่
๑,๑
๗,๗
สิ,สิ
ง,ง
ห,ห
า,า
ค,ค
ม,ม
๒,๒
๕,๕
๖,๖
๑,๑
เรื่,เรื่
อ,อ
ง,ง
,
ข,ข
อ,อ
ป,ป
,
รับ,รับ
ป,ป
รุ,รุ
ง,ง
ร,ร
า,า
ย,ย
วิ,วิ
ช,ช
า,า
๑,๑
๒,๒
๐,๐
,
๔,๔
ก,ก
า,า
รอ,รอ
อ,อ
ก,ก
เ,เ
เบ,เบ
บ,บ
ร,ร
ะ,ะ
บ,บ
บ,บ
ดิ,ดิ
จิ,จิ
ทัล,ทัล
,
,
,
,
,
,
,
,
,
,
,
,
,
(น,(น
า,า
ย,ย
พัน,พัน
ธุ์ปิ,ธุ์ปิ
ติ,ติ
,
เ,เ
ปี่,ปี่
ยม,ยม
ส,ส
ง่,ง่
า,า
),)
หัว,หัว
ห,ห
น้า,น้า
ภ,ภ
า,า
ควิ,ควิ
ช,ช
า,า
วิ,วิ
ศ,ศ
ว,ว
ก,ก
ร,ร
ร,ร
ม,ม
ค,ค
อ,อ
ม,ม
พิ,พิ
ว,ว
,
เ,เ
ต,ต
อ,อ
ร์,ร์
,
,
,
น,น
,
,
ก,ก
,
ค,ค
ว,ว
า,า
ม,ม
ส่,ส่
ว,ว
น,น
ร,ร
า,า
ชก,ชก
า,า
ร,ร
,
ภ,ภ
า,า
ค,ค
วิ,วิ
ชา,ชา
วิ,วิ
ศ,ศ
ว,ว
ก,ก
ร,ร
ร,ร
ม,ม
ค,ค
อ,อ
ม,ม
พิ,พิ
ว,ว
เต,เต
อ,อ
ร์,ร์
โท,โท
ร,ร
,
,
9,9
4,4
2-,2-
8,8
,
55,55
5,5
ต่,ต่
อ,อ
,
1,1
4,4
0,0
3,3
,
,
,
,
1,1
4,4
0,0
4,4
,
,
เรื่,เรื่
อ,อ
ง,ง
ข,ข
อ,อ
เปิ,เปิ
ด,ด
รา,รา
ย,ย
วิ,วิ
ช,ช
า,า
เ,เ
พิ่,พิ่
ม,ม
,
,
,
,
,
,
,
,
,
,
,
,
เ,เ
เ,เ
ล,ล
ะ,ะ
,
เพื่,เพื่
อ,อ
เป็,เป็
น,น
ป,ป
ร,ร
ะโย,ะโย
ชน์ต่,ชน์ต่
อ,อ
นิ,นิ
สิ,สิ
ต,ต
,
ที่,ที่
4,4
ใน,ใน
สัง,สัง
กัด,กัด
ภ,ภ
า,า
ค,ค
วิ,วิ
ชา,ชา
ฯ,ฯ
ภ,ภ
า,า
ค,ค
วิ,วิ
ชา,ชา
ฯ,ฯ
จึ,จึ
งใ,งใ
ค,ค
ร่ข,ร่ข
อ,อ
อ,อ
นุ,นุ
มัติ,มัติ
เปิ,เปิ
ด,ด
ร,ร
า,า
ย,ย
วิ,วิ
ชา,ชา
ร,ร
หัส,หัส
,
2,2
,
0,0
4,4
4,4
9,9
,
6,6
เรื่,เรื่
อ,อ
ง,ง
,
เ,เ
ฉ,ฉ
พ,พ
า,า
ะ,ะ
ท,ท
า,า
ง,ง
วิ,วิ
ศ,ศ
ว,ว
ก,ก
ร,ร
ร,ร
ม,ม
ค,ค
อ,อ
ม,ม
พิ,พิ
ว,ว
เ,เ
ต,ต
อ,อ
ร์,ร์
,
จํ,จํ
า,า
,
นว,นว
น,น
3,3
,
,
ห,ห
น่ว,น่ว
ย,ย
,
กิ,กิ
ต,ต
เพิ่,เพิ่
ม,ม
ขึ้น,ขึ้น
จา,จา
ก,ก
ต,ต
า,า
ร,ร
า,า
ง,ง
เรี,เรี
ย,ย
น,น
ป,ป
ร,ร
ะ,ะ
จํ,จํ
า,า
ภ,ภ
า,า
ค,ค
ต้น,ต้น
ปี,ปี
ก,ก
า,า
ร,ร
ศึ,ศึ
ก,ก
,
ษ,ษ
า,า
2,2
5,5
4,4
4,4
,
โ,โ
ด,ด
ย,ย
กํ,กํ
า,า
ห,ห
น,น
ด,ด
ใ,ใ
ห้,ห้
มี,มี
ก,ก
า,า
,
ร,ร
เรีย,เรีย
น,น
ก,ก
า,า
ร,ร
ส,ส
อ,อ
น,น
ทุ,ทุ
ก,ก
วัน,วัน
จัน,จัน
ท,ท
,
ร์,ร์
เว,เว
ล,ล
า,า
0,0
,
9,9
,
,
0,0
0,0
,
,
,
1,1
2,2
,
,
0,0
0,0
น,น
,
ณ,ณ
,
ห้,ห้
อ,อ
ง,ง
,
1,1
,
4,4
0,0
6,6
อ,อ
า,า
ค,ค
า,า
ร,ร
เรี,เรี
ย,ย
น,น
เ,เ
เ,เ
ล,ล
ะ,ะ
บ,บ
ริ,ริ
ห,ห
า,า
ร,ร
,
,
1,1
,
,
,
,
,
,
,
,
,
,
ก,ก
,
ค,ค
,
ว,ว
า,า
ม,ม
ส่,ส่
ว,ว
น,น
ง,ง
า,า
น,น
ภ,ภ
า,า
ควิ,ควิ
ช,ช
า,า
วิ,วิ
ศ,ศ
ว,ว
ก,ก
ร,ร
ร,ร
ม,ม
ค,ค
อ,อ
ม,ม
พิ,พิ
ว,ว
เ,เ
ต,ต
อ,อ
ร์,ร์
โท,โท
ร,ร
,
๐,๐
๒,๒
๗,๗
๙,๙
๗,๗
-,-
๐,๐
๙,๙
๙,๙
๙,๙
ต่,ต่
อ,อ
๑,๑
๔,๔
๐,๐
๓,๓
-,-
๑,๑
๔,๔
๐,๐
๔,๔
,
,
เรี,เรี
ย,ย
น,น
หัว,หัว
ห,ห
น้า,น้า
ภ,ภ
า,า
ควิ,ควิ
ช,ช
าวิ,าวิ
ศ,ศ
ว,ว
ก,ก
ร,ร
ร,ร
ม,ม
ค,ค
อ,อ
ม,ม
พิ,พิ
ว,ว
,
เ,เ
ต,ต
อ,อ
ร์,ร์
-,-
-,-
-,-
-,-
,
,
,
,
,
,
,
,
,
,
,
,
,
,
,
,
,
,
,
,
,
,
,
,
,
,
,
,
,
,
,
,
,
,
,
,
,
,
,
,
,
,
,
,
,
,
,
,
,
,
,
,
,
,
,
,
,
,
,
,
,
,
,
,
,
,
,
,
,
,
,
,
,
,
,
,
,
,
,
,
,
,
,
,
,
,
,
,
,
,
,
,
,
,
,
,
,
,
,
,
,
,
,
,
,
,
,
,
,
,
,
,
,
,
,
,
,
,
,
,
,
,
,
,
,
,
,
,
,
,
,
,
,
,
,
,
,
,
,
,
,
,
,
,
,
,
,
,
,
,
,
,
,
,
,
ก,ก
,
ค,ค
ว,ว
า,า
ม,ม
ส่,ส่
ว,ว
น,น
ร,ร
า,า
ช,ช
ก,ก
า,า
ร,ร
,
ภ,ภ
า,า
ควิ,ควิ
ช,ช
า,า
วิ,วิ
ศ,ศ
ว,ว
ก,ก
ร,ร
รม,รม
ค,ค
อ,อ
ม,ม
พิ,พิ
ว,ว
เต,เต
อ,อ
ร์,ร์
ค,ค
ณ,ณ
ะ,ะ
วิ,วิ
ศ,ศ
ว,ว
ก,ก
ร,ร
ร,ร
ม,ม
ศ,ศ
า,า
ส,ส
ต,ต
ร์,ร์
โท,โท
ร,ร
,
๑,๑
๐,๐
๓,๓
๑,๑
,
ต่,ต่
อ,อ
๑,๑
๔๐,๔๐
๓,๓
เรื่,เรื่
อ,อ
ง,ง
,
โป,โป
ร,ร
ด,ด
พิ,พิ
จ,จ
า,า
ร,ร
ณ,ณ
า,า
เ,เ
ส,ส
น,น
อ,อ
ม,ม
ห,ห
า,า
วิ,วิ
ท,ท
ย,ย
า,า
ลัย,ลัย
ฯ,ฯ
ล,ล
ง,ง
น,น
า,า
,
ค,ค
ร,ร
ง,ง
ก,ก
า,า
ร,ร
"""",""""
D,D
e,e
t,t
e,e
r,r
m,m
i,i
n,n
e,e
d,d
a,a
t,t
a,a
m,m
i,i
n,n
i,i
n,n
g,g
c,c
r,r
i,i
t,t
e,e
ri,ri
a,a
,
a,a
n,n
d,d
p,p
e,e
rfo,rfo
r,r
m,m
,
d,d
a,a
t,t
a,a
a,a
n,n
a,a
lyt,lyt
i,i
c,c
u,u
s,s
i,i
n,n
g,g
A,A
N,N
N,N
"""",""""
เรี,เรี
ย,ย
น,น
ค,ค
ณ,ณ
,
ค,ค
ณ,ณ
ะวิ,ะวิ
ศ,ศ
,
ก,ก
,
ร,ร
ม,ม
ศ,ศ
า,า
ส,ส
ต,ต
ร์,ร์
,
,
,
,
,
,
,
,
,
,
,
,
,
,
,
,
ห,ห
า,า
ก,ก
เห็,เห็
นข,นข
อ,อ
บ,บ
ข,ข
อไ,อไ
ด้โป,ด้โป
ร,ร
ด,ด
พิ,พิ
จ,จ
า,า
ร,ร
ณ,ณ
า,า
เ,เ
ส,ส
น,น
อ,อ
ส,ส
ถ,ถ
า,า
บัน,บัน
วิ,วิ
จัย,จัย
เ,เ
เ,เ
ล,ล
ะ,ะ
พัฒ,พัฒ
น,น
า,า
แ,แ
ห่,ห่
ง,ง
ม,ม
ก,ก
,
เพื่,เพื่
อ,อ
พิ,พิ
จ,จ
า,า
ร,ร
ณ,ณ
า,า
ล,ล
ง,ง
น,น
า,า
มใน,มใน
ห,ห
นัง,นัง
สื,สื
อ,อ
S,S
e,e
rv,rv
i,i
c,c
e,e
o,o
rd,rd
e,e
r,r
ดัง,ดัง
ก,ก
ล่,ล่
า,า
ว,ว
ต่,ต่
อไป,อไป
,
,
,
,
,
,
,
,
,
,
,
,
,
,
,
,
,
,
,
,
,
,
,
,
,
,
,
,
,
,
,
,
,
,
,
,
,
,
,
,
,
,
,
,
,
,
,
,
,
,
,
,
,
,
,
,
,
,
,
,
,
,
,
,
,
,
,
,
,
,
,
,
,
,
,
,
,
,
,
,
,
,
,
,
,
,
,
,
,
,
,
,
,
,
,
,
,
ผู้ช่,ผู้ช่
ว,ว
ย,ย
ศ,ศ
า,า
ส,ส
ต,ต
ร,ร
า,า
จ,จ
า,า
ร,ร
ย์,ย์
,
ที่,ที่
ศ,ศ
ธ,ธ
๐,๐
๕๑,๕๑
๓,๓
,
๑,๑
๐,๐
๘,๘
๐,๐
๓/,๓/
,
ภ,ภ
า,า
ควิ,ควิ
ชาวิ,ชาวิ
ศ,ศ
ว,ว
ก,ก
ร,ร
ร,ร
ม,ม
ค,ค
อม,อม
พิ,พิ
ว,ว
เ,เ
ต,ต
อ,อ
ร์,ร์
ค,ค
ณ,ณ
ะ,ะ
วิ,วิ
ศ,ศ
ว,ว
ก,ก
ร,ร
ร,ร
ม,ม
ศ,ศ
า,า
ส,ส
ต,ต
ร์,ร์
ม,ม
ห,ห
า,า
วิ,วิ
ท,ท
ย,ย
า,า
ลัย,ลัย
เ,เ
ก,ก
ษต,ษต
ร,ร
ศ,ศ
า,า
ส,ส
ต,ต
ร์,ร์
จ,จ
,
ตุ,ตุ
จัก,จัก
ร,ร
บ,บ
า,า
ง,ง
เข,เข
น,น
,
,
ก,ก
รุ,รุ
ง,ง
เท,เท
พ,พ
ฯ,ฯ
๑,๑
๐,๐
๙,๙
๐,๐
๐,๐
เรี,เรี
ย,ย
น,น
ป,ป
ร,ร
ะ,ะ
ธ,ธ
า,า
น,น
ก,ก
ร,ร
รม,รม
ก,ก
า,า
ร,ร
บริ,บริ
ห,ห
า,า
ร,ร
บริ,บริ
ษัท,ษัท
ส,ส
า,า
ม,ม
า,า
ร,ร
ถ,ถ
ค,ค
อ,อ
ร์ป,ร์ป
อ,อ
เ,เ
ร,ร
ชั่น,ชั่น
จำ,จำ
กัด,กัด
(ม,(ม
ห,ห
า,า
ช,ช
น,น
),)
เ,เ
ป็,ป็
น,น
ก,ก
า,า
ร,ร
ต่,ต่
,
,
,
,
,
,
,
,
,
,
,
,
,
,
,
,
,
,
,
,
,
,
,
,
,
,
,
,
,
,
,
,
,
,
,
,
,
,
,
,
,
,
,
,
,
,
,
,
,
,
,
,
จํ,จํ
า,า
น,น
ว,ว
น,น
๖,๖
,
า,า
,
,
,
๐,๐
,
๐,๐
๐,๐
๐,๐
บ,บ
า,า
ท,ท
(,(
ส,ส
อ,อ
,
ง,ง
ห,ห
มื่,มื่
น,น
บ,บ
า,า
ท,ท
ถ้ว,ถ้ว
น,น
),)
รว,รว
ม,ม
เป็,เป็
น,น
เงิ,เงิ
น,น
ทั้ง,ทั้ง
สิ้น,สิ้น
,
๑,๑
,
น,น
า,า
ย,ย
ส,ส
ก,ก
น,น
ธ์,ธ์
ก,ก
า,า
ร,ร
ก,ก
ร,ร
ะ,ะ
สัง,สัง
จํ,จํ
า,า
น,น
ว,ว
น,น
๒,๒
๐,๐
,
๐,๐
๐,๐
๐,๐
บ,บ
า,า
ท,ท
๓,๓
,
น,น
า,า
ย,ย
ก,ก
วิน,วิน
ข,ข
น,น
บ,บ
ธ,ธ
ร,ร
รม,รม
ชัย,ชัย
,
จำ,จำ
น,น
ว,ว
น,น
๒,๒
๐,๐
,
๐,๐
๐,๐
๐,๐
,
บ,บ
า,า
ท,ท
,
ก,ก
า,า
ร,ร
ศึ,ศึ
ก,ก
ษ,ษ
า,า
,
,
,
,
,
,
น,น
อ,อ
ย่,ย่
า,า
ง,ง
ยิ่,ยิ่
งว่,งว่
า,า
นิ,นิ
สิ,สิ
ตใน,ตใน
สัง,สัง
กัด,กัด
ภ,ภ
า,า
ควิ,ควิ
ช,ช
า,า
ฯ,ฯ
,
จ,จ
ะ,ะ
ไ,ไ
ด้รับ,ด้รับ
ก,ก
า,า
ร,ร
ส,ส
นับ,นับ
ส,ส
นุ,นุ
น,น
,
,
,
,
,
,
,
,
,
,
,
,
,
,
,
,
,
,
,
,
,
,
,
,
,
,
,
,
,
,
,
,
,
,
,
,
,
,
,
,
,
,
,
,
,
,
,
,
,
,
,
,
,
,
,
,
,
,
,
,
ที่,ที่
ศ,ศ
ธ,ธ
๐,๐
๕๑,๕๑
๓,๓
,
๑,๑
๐,๐
๘,๘
๐,๐
๓/,๓/
,
ภ,ภ
า,า
ควิ,ควิ
ชาวิ,ชาวิ
ศ,ศ
ว,ว
ก,ก
ร,ร
ร,ร
ม,ม
ค,ค
อม,อม
พิ,พิ
ว,ว
เ,เ
ต,ต
อ,อ
ร์,ร์
ค,ค
ณ,ณ
ะ,ะ
วิ,วิ
ศ,ศ
ว,ว
ก,ก
ร,ร
ร,ร
ม,ม
ศ,ศ
า,า
ส,ส
ต,ต
ร์,ร์
ม,ม
ห,ห
า,า
วิ,วิ
ท,ท
ย,ย
า,า
ลัย,ลัย
เ,เ
ก,ก
ษต,ษต
ร,ร
ศ,ศ
า,า
ส,ส
ต,ต
ร์,ร์
จ,จ
,
ตุ,ตุ
จัก,จัก
ร,ร
บ,บ
า,า
ง,ง
เข,เข
น,น
,
,
ก,ก
รุ,รุ
ง,ง
เท,เท
พ,พ
ฯ,ฯ
๑,๑
๐,๐
๙,๙
๐,๐
๐,๐
,
,
,
,
,
ร,ร
,
,
,
,
,
,
,
,
,
,
,
,
,
,
,
,
,
า,า
วิ,วิ
ศ,ศ
,
,
,
,
ไท,ไท
ย,ย
"""น","""น"
วัน,วัน
จัน,จัน
ท,ท
ร์ที่,ร์ที่
,
4,4
พ,พ
ฤ,ฤ
,
ค,ค
ม,ม
2,2
5,5
5,5
2,2
เ,เ
ว,ว
ล,ล
า,า
1,1
,
0,0
,
1,1
5,5
-,-
1,1
,
1,1
,
0,0
0,0
น,น
,
,
,
ณ,ณ
โ,โ
รง,รง
เ,เ
เ,เ
รม,รม
อ,อ
,
ารี,ารี
,
ด,ด
อ,อ
น,น
เ,เ
มื,มื
อ,อ
ง,ง
เ,เ
เอ,เอ
ร์พ,ร์พ
อ,อ
ร์ต,ร์ต
,
ก,ก
รุ,รุ
ง,ง
เท,เท
พ,พ
ฯ,ฯ
,
,
,
,
๑,๑
๔,๔
๔,๔
,
โท,โท
ร,ร
ส,ส
า,า
ร,ร
๐,๐
-๒,-๒
๕๗,๕๗
๙,๙
,
๖,๖
๒,๒
๔,๔
๕,๕
,
,
,
,
,
ก,ก
,
,
ค,ค
ว,ว
า,า
,
ม,ม
ส่,ส่
ว,ว
นง,นง
า,า
น,น
ภ,ภ
า,า
ควิ,ควิ
ช,ช
า,า
วิ,วิ
ศว,ศว
ก,ก
ร,ร
ร,ร
ม,ม
ค,ค
อ,อ
ม,ม
พิ,พิ
ว,ว
เ,เ
ต,ต
,
อ,อ
ร์,ร์
โท,โท
ร,ร
,
๐,๐
๒,๒
๗๙,๗๙
๗,๗
๐,๐
๙,๙
๙,๙
๙,๙
ต่,ต่
อ,อ
๑,๑
๔,๔
๐,๐
๓,๓
,
๑,๑
๔๐,๔๐
๔,๔
,
,
,
,
,
,
,
,
ด้วย,ด้วย
,
ก,ก
ระผ,ระผ
ม,ม
พ,พ
ร้อ,ร้อ
มด้ว,มด้ว
ย,ย
ผ,ผ
ศ,ศ
,
ด,ด
ร,ร
,
ชัย,ชัย
พ,พ
ร,ร
ใ,ใ
จ,จ
เ,เ
เ,เ
ก้ว,ก้ว
เ,เ
เ,เ
ล,ล
ะ,ะ
ผ,ผ
ศ,ศ
,
ด,ด
ร,ร
,
,
อ,อ
ภิ,ภิ
รัก,รัก
ษ์,ษ์
จัน,จัน
ท,ท
ร์,ร์
ส,ส
ร้า,ร้า
ง,ง
ไ,ไ
ด้ดํ,ด้ดํ
า,า
,
เนิ,เนิ
น,น
ก,ก
า,า
,
ค,ค
รง,รง
ก,ก
า,า
ร,ร
,
,
,
,
,
,
,
,
,
,
,
,
,
,
,
,
,
,
,
,
,
,
,
,
ภ,ภ
า,า
ควิ,ควิ
ช,ช
า,า
วิ,วิ
ศ,ศ
ว,ว
ก,ก
ร,ร
ร,ร
ม,ม
ค,ค
อ,อ
ม,ม
พิ,พิ
ว,ว
เ,เ
ต,ต
อ,อ
ร์,ร์
ค,ค
ณ,ณ
ะ,ะ
วิ,วิ
ศว,ศว
ก,ก
ร,ร
ร,ร
ม,ม
ศ,ศ
า,า
ส,ส
ต,ต
ร์,ร์
ม,ม
หาวิ,หาวิ
ท,ท
ย,ย
า,า
ลัย,ลัย
เ,เ
กษ,กษ
ต,ต
ร,ร
ศ,ศ
า,า
ส,ส
ต,ต
ร์,ร์
๕,๕
๐,๐
,
,
ถ,ถ
น,น
น,น
ง,ง
า,า
ม,ม
ว,ว
ง,ง
ศ์ว,ศ์ว
า,า
น,น
,
จ,จ
ตุ,ตุ
จัก,จัก
ร,ร
ก,ก
รุ,รุ
ง,ง
เ,เ
ท,ท
พ,พ
ฯ,ฯ
,
๑,๑
๙,๙
๐,๐
๐,๐
,
,
เรื่,เรื่
อ,อ
ง,ง
ข,ข
,
ค,ค
ว,ว
า,า
ม,ม
อ,อ
นุ,นุ
เ,เ
ค,ค
ร,ร
า,า
ะ,ะ
,
มู,มู
ล,ล
ภ,ภ
,
า,า
พ,พ
ถ่,ถ่
า,า
ย,ย
ด,ด
,
า,า
ว,ว
เ,เ
ที,ที
ย,ย
ม,ม
ฮิม,ฮิม
า,า
ว,ว
าริ,าริ
เ,เ
เ,เ
ล,ล
ะ,ะ
ข,ข
อ,อ
อ,อ
นุ,นุ
ญ,ญ
า,า
ต,ต
นํ,นํ
า,า
ม,ม
า,า
,
ตี,ตี
พิ,พิ
ม,ม
พ์,พ์
ผ,ผ
ล,ล
ง,ง
า,า
น,น
วิ,วิ
ช,ช
า,า
ก,ก
า,า
ร,ร
,
,
,
,
,
,
,
,
,
,
,
,
,
,
,
,
,
,
,
,
,
,
,
,
,
,
,
,
,
,
,
,
,
,
,
,
,
,
,
,
,
,
,
,
,
,
,
,
,
,
,
,
,
,
,
,
,
,
,
,
,
,
,
,
,
ข,ข
อ,อ
เ,เ
เส,เส
ด,ด
ง,ง
ค,ค
ว,ว
า,า
ม,ม
นับ,นับ
ถื,ถื
อ,อ
,
(,(
ร,ร
อ,อ
ง,ง
ศ,ศ
า,า
ส,ส
ต,ต
ร,ร
า,า
จ,จ
า,า
ร,ร
ย์,ย์
ด,ด
ร,ร
,
พัน,พัน
ธุ์ปิ,ธุ์ปิ
ติ,ติ
เปี่,เปี่
ย,ย
ม,ม
ส,ส
ง่,ง่
า,า
),)
หัว,หัว
ห,ห
น้า,น้า
,
ภ,ภ
า,า
,
ควิ,ควิ
ช,ช
า,า
วิ,วิ
ศ,ศ
ว,ว
ก,ก
ร,ร
ร,ร
ม,ม
ค,ค
อ,อ
ม,ม
พิ,พิ
ว,ว
เ,เ
ต,ต
อ,อ
ร์,ร์
ภ,ภ
า,า
ควิ,ควิ
ชา,ชา
วิ,วิ
ศ,ศ
ว,ว
ก,ก
ร,ร
ร,ร
ม,ม
ค,ค
อ,อ
ม,ม
พิ,พิ
ว,ว
เ,เ
ต,ต
อ,อ
ร์,ร์
โ,โ
ท,ท
ร,ร
ส,ส
,
า,า
ร,ร
,
๐,๐
๒,๒
๕๗,๕๗
๐๙-Jun,๐๙-Jun
๒,๒
๔,๔
๕,๕
,
ส่,ส่
ว,ว
น,น
ง,ง
า,า
น,น
ภ,ภ
า,า
ควิ,ควิ
ช,ช
า,า
วิ,วิ
ศว,ศว
ก,ก
ร,ร
รม,รม
ค,ค
อ,อ
ม,ม
พิ,พิ
ว,ว
,
ก,ก
,
,
๗,๗
๙,๙
๗-,๗-
๐,๐
๙,๙
๙,๙
๙,๙
ต่,ต่
อ,อ
๑,๑
๔,๔
๐,๐
๓,๓
,
๑,๑
๔,๔
๐,๐
๔,๔
,
,
,
,
,
,
,
ต,ต
า,า
ม,ม
ที่,ที่
ค,ค
ณ,ณ
ะ,ะ
วิ,วิ
ศว,ศว
ก,ก
ร,ร
ร,ร
ม,ม
ศ,ศ
า,า
ส,ส
ต,ต
ร์,ร์
โ,โ
ด,ด
ย,ย
ภ,ภ
า,า
ค,ค
วิช,วิช
า,า
วิ,วิ
ศ,ศ
ว,ว
ก,ก
ร,ร
รม,รม
ค,ค
อ,อ
ม,ม
พิ,พิ
ว,ว
เ,เ
ต,ต
อ,อ
ร์,ร์
ได้,ได้
จัด,จัด
ทํ,ทํ
า,า
ข้,ข้
อ,อ
ต,ต
,
ก,ก
ล,ล
ง,ง
,
ค,ค
วา,วา
ม,ม
ร่,ร่
ว,ว
ม,ม
มื,มื
อ,อ
ท,ท
า,า
ง,ง
,
,
,
,
,
,
,
,
,
,
,
,
,
,
,
,
,
,
,
,
,
,
,
,
,
,
,
,
,
,
,
,
,
,
,
,
,
P,P
a,a
y,y
s,s
d,d
e,e
,
l,l
a,a
,
,
L,L
o,o
i,i
r,r
e,e
ป,ป
ร,ร
ะ,ะ
,
เ,เ
ท,ท
ศ,ศ
,
ฝ,ฝ
รั่ง,รั่ง
เ,เ
ศ,ศ
ส,ส
,
จ,จ
ะ,ะ
ส่,ส่
,
ง,ง
นิ,นิ
สิ,สิ
ต,ต
,
แ,แ
ล,ล
ก,ก
เ,เ
ป,ป
ลี่,ลี่
ย,ย
น,น
จํ,จํ
า,า
น,น
ว,ว
น,น
๔,๔
,
ร,ร
า,า
ย,ย
,
เ,เ
ดิ,ดิ
น,น
ท,ท
า,า
ง,ง
ม,ม
า,า
,
เรี,เรี
ย,ย
น,น
ที่,ที่
ภ,ภ
า,า
ค,ค
วิ,วิ
ช,ช
า,า
วิ,วิ
ศ,ศ
ว,ว
ก,ก
ร,ร
รม,รม
ค,ค
อ,อ
ม,ม
พิ,พิ
ว,ว
เ,เ
ต,ต
อ,อ
ร์,ร์
ค,ค
ณ,ณ
ะ,ะ
วิ,วิ
ศ,ศ
ว,ว
ก,ก
ร,ร
ร,ร
ม,ม
ศ,ศ
า,า
ส,ส
ต,ต
ร์,ร์
,
ม,ม
ห,ห
า,า
วิ,วิ
ท,ท
ย,ย
า,า
ลัย,ลัย
เ,เ
ก,ก
ษ,ษ
ต,ต
ร,ร
ศ,ศ
า,า
ส,ส
ต,ต
ร์,ร์
ใ,ใ
น,น
ภ,ภ
า,า
ค,ค
ก,ก
า,า
ร,ร
ศึ,ศึ
ก,ก
ษ,ษ
า,า
ป,ป
ล,ล
า,า
ย,ย
๒,๒
๕,๕
๖,๖
๒,๒
โ,โ
ด,ด
ย,ย
กํ,กํ
า,า
ห,ห
น,น
ด,ด
,
,
,
,
,
,
,
,
,
,
,
,
,
,
,
,
,
,
,
,
,
,
,
,
,
,
,
,
,
,
,
,
,
,
,
,
,
,
,
,
,
,
,
,
,
,
,
,
,
,
,
,
,
,
,
,
,
,
,
,
,
,
,
,
,
,
,
,
,
,
,
,
,
,
,
,
,
,
,
,
,
,
,
,
,
,
,
,
,
,
,
,
,
,
,
,
,
,
,
,
,
,
,
,
,
,
,
,
,
,
,
,
,
,
,
เ,เ
ข้า,ข้า
ร,ร
า,า
ช,ช
อ,อ
,
า,า
ณ,ณ
า,า
จัก,จัก
รไท,รไท
ย,ย
,
,
,
,
,
,
,
,
,
,
,
,
,
,
,
,
,
,
,
,
,
,
,
,
,
,
,
,
จึ,จึ
ง,ง
เรี,เรี
ย,ย
น,น
ม,ม
า,า
เพื่,เพื่
อโป,อโป
ร,ร
ด,ด
พิ,พิ
จ,จ
า,า
ร,ร
ณ,ณ
า,า
ทั้ง,ทั้ง
นี้ไ,นี้ไ
ด้เ,ด้เ
เน,เน
บ,บ
ร,ร
า,า
ย,ย
ล,ล
ะ,ะ
,
เ,เ
อี,อี
ย,ย
ด,ด
เ,เ
กี่,กี่
ยว,ยว
กับ,กับ
นิ,นิ
สิ,สิ
ต,ต
ทั้ง,ทั้ง
,
๔,๔
,
ร,ร
า,า
ย,ย
ม,ม
า,า
ด้ว,ด้ว
ย,ย
,
เ,เ
เ,เ
ล้ว,ล้ว
,
,
,
,
,
,
,
,
,
,
,
,
,
,
,
,
,
,
,
,
,
,
,
,
,
,
,
,
ก,ก
,
ย,ย
,
๖,๖
๒,๒
,
,
,
,
ก,ก
,
,
ค,ค
,
ว,ว
า,า
ม,ม
ส่,ส่
ว,ว
น,น
ง,ง
า,า
น,น
ภา,ภา
ควิ,ควิ
ช,ช
า,า
วิ,วิ
ศว,ศว
ก,ก
ร,ร
ร,ร
ม,ม
ค,ค
อ,อ
ม,ม
พิ,พิ
ว,ว
เ,เ
ต,ต
อ,อ
ร์,ร์
,
โ,โ
ท,ท
ร,ร
,
,
๐,๐
,
๒,๒
๗,๗
๙,๙
๗-๐,๗-๐
๙,๙
๙,๙
๙,๙
ต่,ต่
อ,อ
๐,๐
๔,๔
๓,๓
-๑,-๑
๔,๔
๐,๐
๔,๔
ที่,ที่
ศธ,ศธ
๐,๐
,
,
๑,๑
๐,๐
๘,๘
,
,
วัน,วัน
ที่,ที่
,
๑,๑
๙,๙
,
ย,ย
น,น
๒,๒
๕,๕
๖,๖
๒,๒
เรื่,เรื่
อ,อ
ง,ง
,
ข,ข
อ,อ
,
ค,ค
ว,ว
า,า
ม,ม
อ,อ
นุ,นุ
เ,เ
ค,ค
ร,ร
า,า
ะ,ะ
ห์,ห์
เ,เ
จ้า,จ้า
ห,ห
น้า,น้า
ที่,ที่
ข,ข
น,น
ย้า,ย้า
ยโ,ยโ
ต๊,ต๊
ะ,ะ
สํ,สํ
า,า
ห,ห
รับ,รับ
ก,ก
า,า
ร,ร
จัด,จัด
ง,ง
า,า
น,น
นํ,นํ
า,า
เ,เ
ส,ส
น,น
อ,อ
โ,โ
ค,ค
ร,ร
ง,ง
ง,ง
า,า
น,น
วิ,วิ
ศ,ศ
ว,ว
ก,ก
ร,ร
รม,รม
ข,ข
อ,อ
ง,ง
นิ,นิ
สิ,สิ
ต,ต
,
,
,
,
,
,
,
,
,
,
,
,
,
,
,
,
,
,
,
,
,
,
,
,
,
,
,
,
,
,
,
,
,
,
,
,
,
,
,
,
,
,
,
,
,
,
,
,
,
,
โด,โด
ย,ย
ภ,ภ
า,า
ควิ,ควิ
ช,ช
า,า
ฯ,ฯ
,
,
,
,
,
จึ,จึ
ง,ง
เรี,เรี
ย,ย
น,น
ม,ม
า,า
เพื่,เพื่
อโ,อโ
ป,ป
ร,ร
ด,ด
พิ,พิ
จ,จ
า,า
ร,ร
ณ,ณ
า,า
อ,อ
นุ,นุ
เ,เ
ค,ค
ร,ร
า,า
ะ,ะ
ห์,ห์
,
,
เ,เ
เ,เ
ล,ล
ะใ,ะใ
ค,ค
ร่,ร่
ข,ข
อ,อ
ข,ข
อ,อ
บ,บ
คุ,คุ
ณ,ณ
ม,ม
า,า
ณ,ณ
โ,โ
อ,อ
ก,ก
า,า
ส,ส
,
,
,
,
ก,ก
,
ค,ค
ว,ว
า,า
ม,ม
,
ส่,ส่
ว,ว
น,น
ง,ง
า,า
น,น
ภ,ภ
า,า
ควิ,ควิ
ช,ช
า,า
วิ,วิ
ศ,ศ
ว,ว
ก,ก
ร,ร
รม,รม
ค,ค
อ,อ
ม,ม
พิ,พิ
ว,ว
เ,เ
ต,ต
อ,อ
ร์,ร์
โท,โท
ร,ร
,
๐,๐
-๒,-๒
๗๙,๗๙
๗,๗
,
๐,๐
๙,๙
๙,๙
๙,๙
ต่,ต่
อ,อ
,
๑,๑
๔๐,๔๐
๓,๓
,
๑,๑
๔,๔
๐,๐
๔,๔
,
,
,
,
,
,
,
,
ต,ต
า,า
ม,ม
ที่ภ,ที่ภ
า,า
ควิ,ควิ
ช,ช
า,า
วิ,วิ
ศ,ศ
ว,ว
ก,ก
ร,ร
ร,ร
ม,ม
ค,ค
,
อ,อ
ม,ม
พิ,พิ
ว,ว
เ,เ
ต,ต
อ,อ
ร์,ร์
ไ,ไ
ด้รับ,ด้รับ
อนุ,อนุ
มัติ,มัติ
ก,ก
ร,ร
อ,อ
บใ,บใ
ห้จ้า,ห้จ้า
ง,ง
ลู,ลู
ก,ก
จ้า,จ้า
ง,ง
ชั่ว,ชั่ว
ค,ค
ร,ร
า,า
ว,ว
,
เงิ,เงิ
น,น
ง,ง
บ,บ
ป,ป
ร,ร
ะ,ะ
ม,ม
า,า
ณ,ณ
,
เ,เ
เ,เ
ผ่,ผ่
น,น
ดิ,ดิ
น,น
,
ม,ม
ห,ห
าวิ,าวิ
ท,ท
ย,ย
า,า
ลัย,ลัย
เ,เ
ก,ก
ษ,ษ
ต,ต
ร,ร
ศ,ศ
า,า
ส,ส
ต,ต
ร์,ร์
ป,ป
,
ร,ร
ะ,ะ
จํ,จํ
า,า
ปี,ปี
ง,ง
บ,บ
ป,ป
ร,ร
ะ,ะ
ม,ม
า,า
ณ,ณ
พ,พ
,
ศ,ศ
,
,
๒๕,๒๕
๖,๖
๓,๓
,
ใน,ใน
ลำ,ลำ
ดับ,ดับ
ที่,ที่
๒๖,๒๖
อัต,อัต
ร,ร
า,า
ค่,ค่
า,า
จ้า,จ้า
ง,ง
,
เดื,เดื
อ,อ
น,น
ล,ล
ะ,ะ
,
๓,๓
๕,๕
,
๐,๐
๐,๐
๐,๐
บ,บ
า,า
ท,ท
ร,ร
ะ,ะ
ย,ย
ะ,ะ
เว,เว
ล,ล
า,า
,
ก,ก
า,า
ร,ร
จ้า,จ้า
ง,ง
,
๑,๑
๒,๒
เ,เ
ดื,ดื
อ,อ
น,น
ร,ร
า,า
ย,ย
ล,ล
,
ะ,ะ
เ,เ
อี,อี
ย,ย
ด,ด
ต,ต
า,า
ม,ม
สํ,สํ
า,า
เน,เน
า,า
ที่ไ,ที่ไ
ด้เ,ด้เ
เ,เ
น,น
บ,บ
ม,ม
า,า
,
ใน,ใน
ก,ก
า,า
รนี้,รนี้
,
ภ,ภ
า,า
,
ควิ,ควิ
ช,ช
า,า
ฯ,ฯ
ป,ป
ร,ร
ะ,ะ
ส,ส
ง,ง
ค์,ค์
จ,จ
ะ,ะ
จ้า,จ้า
ง,ง
M,M
r,r
J,J
a,a
m,m
e,e
s,s
,
E,E
d,d
w,w
a,a
r,r
d,d
B,B
r,r
u,u
c,c
ke,ke
r,r
เ,เ
ป็,ป็
น,น
ผู้มี,ผู้มี
คว,คว
า,า
ม,ม
รู้ค,รู้ค
ว,ว
า,า
ม,ม
ส,ส
า,า
ม,ม
า,า
,
ร,ร
ถ,ถ
๒,๒
๕,๕
๖,๖
๓,๓
เ,เ
นื่,นื่
อ,อ
ง,ง
จ,จ
า,า
ก,ก
M,M
r,r
,
J,J
a,a
m,m
e,e
s,s
E,E
d,d
w,w
a,a
r,r
d,d
B,B
r,r
u,u
c,c
ke,ke
r,r
ไ,ไ
ด้รับ,ด้รับ
อ,อ
นุ,นุ
ญ,ญ
า,า
,
า,า
,
ร,ร
า,า
ช,ช
อ,อ
า,า
ณ,ณ
า,า
จัก,จัก
รไ,รไ
ด้เ,ด้เ
พี,พี
ย,ย
ง,ง
วัน,วัน
ที่,ที่
,
๓,๓
๐,๐
,
กัน,กัน
ย,ย
า,า
ย,ย
น,น
,
๒,๒
๕,๕
๖,๖
๒,๒
,
,
ภ,ภ
า,า
ควิ,ควิ
ช,ช
าวิ,าวิ
ศ,ศ
ว,ว
ก,ก
ร,ร
ร,ร
ม,ม
ค,ค
อ,อ
ม,ม
พิ,พิ
ว,ว
เ,เ
ต,ต
อ,อ
ร์,ร์
,
จึ,จึ
งใ,งใ
คร่ข,คร่ข
อ,อ
ค,ค
ว,ว
า,า
ม,ม
,
อ,อ
นุ,นุ
เ,เ
ค,ค
รา,รา
ะ,ะ
ห์,ห์
ค,ค
ณ,ณ
ะ,ะ
ฯ,ฯ
,
,
ไ,ไ
ด้โ,ด้โ
ป,ป
ร,ร
ด,ด
,
,
,
,
,
,
,
,
,
ร,ร
า,า
ช,ช
อ,อ
า,า
ณ,ณ
า,า
จัก,จัก
,
ร,ร
๕,๕
ห,ห
นัง,นัง
สื,สื
อ,อ
ม,ม
อ,อ
บ,บ
อํ,อํ
า,า
น,น
า,า
จ,จ
จึ,จึ
,
ง,ง
เรี,เรี
ย,ย
น,น
ม,ม
า,า
,
เ,เ
พื่,พื่
,
อโป,อโป
,
ร,ร
ด,ด
,
พิ,พิ
,
จ,จ
า,า
ร,ร
ณ,ณ
,
า,า
ทั้ง,ทั้ง
นี้ใ,นี้ใ
ค,ค
ร่ข,ร่ข
,
อ,อ
สํ,สํ
า,า
,
เ,เ
น,น
า,า
บั,บั
ต,ต
ร,ร
ป,ป
ร,ร
ะ,ะ
ช,ช
า,า
ช,ช
น,น
ข,ข
อ,อ
,
ง,ง
ค,ค
ณ,ณ
,
บ,บ
ดี,ดี
,
ค,ค
ณ,ณ
,
ะ,ะ
,
,
วิ,วิ
ศ,ศ
ว,ว
ก,ก
ร,ร
ร,ร
ม,ม
ศ,ศ
า,า
ส,ส
ต,ต
ร์,ร์
(,(
ผุ้ม,ผุ้ม
อ,อ
บ,บ
อํ,อํ
า,า
นา,นา
จ,จ
),)
จํ,จํ
า,า
น,น
ว,ว
น,น
,
,
๒,๒
,
ชุ,ชุ
ด,ด
เพื่,เพื่
อ,อ
,
,
,
,
,
,
,
,
,
,
,
,
,
,
,
,
,
,
,
,
ก,ก
,
ค,ค
ว,ว
า,า
ม,ม
ส่,ส่
ว,ว
นง,นง
า,า
น,น
ภ,ภ
า,า
ควิ,ควิ
ชา,ชา
วิ,วิ
ศ,ศ
ว,ว
ก,ก
,
ร,ร
ร,ร
ม,ม
ค,ค
อม,อม
พิ,พิ
ว,ว
เ,เ
ต,ต
อ,อ
ร์,ร์
,
โท,โท
ร,ร
,
๐,๐
๒,๒
,
๗,๗
๙,๙
๗-,๗-
๐,๐
๙,๙
๙,๙
๙,๙
ต่,ต่
อ,อ
๑,๑
๔,๔
๐,๐
๓,๓
-๑,-๑
๔๐,๔๐
๔,๔
,
,
,
,
,
,
,
,
,
,
,
,
,
,
,
,
,
,
,
,
,
,
,
e,e
,
M,M
a,a
,
a,a
g,g
e,e
m,m
,
e,e
n,n
t,t
,
ห,ห
มู่,มู่
๔๕,๔๕
๐,๐
จํ,จํ
า,า
น,น
ว,ว
น,น
,
๓,๓
หน่,หน่
,
ว,ว
ย,ย
กิ,กิ
ต,ต
ใ,ใ
น,น
ภ,ภ
า,า
ค,ค
,
ก,ก
,
า,า
ร,ร
,
ศึ,ศึ
ก,ก
ษ,ษ
า,า
ป,ป
ล,ล
า,า
ย,ย
,
ปี,ปี
ก,ก
า,า
ร,ร
ศึ,ศึ
ก,ก
,
ษ,ษ
า,า
๒,๒
,
๕,๕
๖,๖
๒,๒
,
,
,
,
,
,
,
,
,
,
,
,
,
,
,
,
,
,
,
,
,
,
,
,
,
,
,
,
,
,
,
ที่,ที่
,
ศ,ศ
ธ,ธ
๐,๐
๕๑,๕๑
๓,๓
,
๑,๑
๐,๐
๘,๘
๐,๐
๓/,๓/
,
ภ,ภ
า,า
ควิ,ควิ
ช,ช
าวิ,าวิ
ศ,ศ
ว,ว
ก,ก
ร,ร
รม,รม
ค,ค
อ,อ
ม,ม
พิ,พิ
ว,ว
เต,เต
อ,อ
ร์,ร์
ค,ค
ณ,ณ
ะ,ะ
วิ,วิ
ศ,ศ
ว,ว
ก,ก
ร,ร
ร,ร
ม,ม
ศ,ศ
า,า
ส,ส
ต,ต
ร์,ร์
ม,ม
หา,หา
วิ,วิ
ท,ท
ย,ย
า,า
ลัย,ลัย
เ,เ
ก,ก
ษ,ษ
ต,ต
ร,ร
ศ,ศ
า,า
ส,ส
ต,ต
ร์,ร์
,
๕๐,๕๐
ถ,ถ
น,น
น,น
ง,ง
า,า
ม,ม
ว,ว
ง,ง
,
ศ์วา,ศ์วา
น,น
เ,เ
เข,เข
ว,ว
ง,ง
ล,ล
า,า
ด,ด
ย,ย
า,า
ว,ว
,
,
,
,
,
,
,
,
,
เรี,เรี
ย,ย
น,น
เ,เ
ล,ล
ข,ข
าธิ,าธิ
ก,ก
า,า
ร,ร
ค,ค
ณ,ณ
ะ,ะ
ก,ก
ร,ร
ร,ร
ม,ม
ก,ก
า,า
ร,ร
ก,ก
า,า
ร,ร
อุ,อุ
ด,ด
ม,ม
ศึ,ศึ
ก,ก
ษ,ษ
า,า
สํ,สํ
า,า
ห,ห
รับ,รับ
ก,ก
า,า
ร,ร
ต,ต
ร,ร
ว,ว
จ,จ
ส,ส
อ,อ
บ,บ
ผู้ต้อ,ผู้ต้อ
ง,ง
ส,ส
ง,ง
,
,
เ,เ
ลิ,ลิ
ร์น,ร์น
นิ่ง,นิ่ง
ง,ง
"""",""""
,
จ,จ
า,า
กโ,กโ
ค,ค
ร,ร
ง,ง
ก,ก
า,า
ร,ร
ทุ,ทุ
น,น
พัฒ,พัฒ
น,น
า,า
ศัก,ศัก
ย,ย
ภ,ภ
า,า
พ,พ
นัก,นัก
วิ,วิ
จัย,จัย
ด้า,ด้า
น,น
ยุ,ยุ
ทโ,ทโ
ธ,ธ
ป,ป
ก,ก
ร,ร
ณ์,ณ์
เพื่,เพื่
อ,อ
เ,เ
พิ่,พิ่
ม,ม
,
ศัก,ศัก
,
ย,ย
ภ,ภ
า,า
พ,พ
ข,ข
อ,อ
ง,ง
ก,ก
อ,อ
ง,ง
ทัพ,ทัพ
เ,เ
เ,เ
ล,ล
ะ,ะ
ก,ก
า,า
ร,ร
ป้,ป้
อ,อ
ง,ง
กัน,กัน
ป,ป
ร,ร
ะ,ะ
,
เ,เ
ท,ท
ศ,ศ
,
ป,ป
ร,ร
ะ,ะ
,
จํ,จํ
า,า
ปี,ปี
พ,พ
,
ศ,ศ
,
2,2
5,5
6,6
0,0
,
บัด,บัด
นี้,นี้
,
โ,โ
คร,คร
ง,ง
ก,ก
า,า
ร,ร
ดัง,ดัง
ก,ก
ล่,ล่
า,า
ว,ว
,
ไ,ไ
ด้ค,ด้ค
ร,ร
บ,บ
กำ,กำ
หน,หน
ด,ด
๖,๖
เ,เ
ดื,ดื
อ,อ
น,น
,
ใน,ใน
ก,ก
า,า
ร,ร
ป,ป
ร,ร
ะ,ะ
เ,เ
มิ,มิ
น,น
ผ,ผ
ล,ล
,
ก,ก
า,า
ร,ร
ดํ,ดํ
า,า
เ,เ
นิน,นิน
ง,ง
า,า
น,น
ร,ร
อ,อ
บ,บ
ที่,ที่
๑,๑
ใ,ใ
น,น
ก,ก
า,า
รนี้,รนี้
,
,
,
,
,
,
,
จึ,จึ
ง,ง
เรี,เรี
ย,ย
น,น
ม,ม
า,า
เ,เ
พื่,พื่
อโป,อโป
ร,ร
ด,ด
พิ,พิ
จ,จ
า,า
ร,ร
ณ,ณ
า,า
ร่,ร่
ว,ว
ม,ม
เ,เ
ข้า,ข้า
ป,ป
ร,ร
ะ,ะ
,
วัน,วัน
เ,เ
ว,ว
ล,ล
า,า
ดัง,ดัง
ก,ก
ล่,ล่
า,า
ว,ว
(,(
ร,ร
อ,อ
ง,ง
ศ,ศ
า,า
ส,ส
ต,ต
ร,ร
า,า
จ,จ
า,า
ร,ร
ย์,ย์
ด,ด
ร,ร
,
จัน,จัน
ทน,ทน
า,า
,
จัน,จัน
ท,ท
ร,ร
า,า
พ,พ
ร,ร
ชัย,ชัย
),)
หัว,หัว
ห,ห
น้าโ,น้าโ
ค,ค
ร,ร
ง,ง
ก,ก
า,า
รวิ,รวิ
จัย,จัย
ฯ,ฯ
ภ,ภ
า,า
ควิช,ควิช
าวิ,าวิ
ศ,ศ
ว,ว
ก,ก
ร,ร
ร,ร
ม,ม
ค,ค
อ,อ
ม,ม
พิ,พิ
ว,ว
เ,เ
ต,ต
อ,อ
ร์,ร์
,
โท,โท
ร,ร
,
๐,๐
๒,๒
๗,๗
๙,๙
๗-๐,๗-๐
๙,๙
๙,๙
๙,๙
ต่,ต่
อ,อ
๑,๑
,
,
,
,
,
,
ก,ก
,
ค,ค
ว,ว
า,า
ม,ม
,
ส่,ส่
ว,ว
น,น
ง,ง
า,า
น,น
,
ภ,ภ
า,า
ควิ,ควิ
ช,ช
าวิ,าวิ
ศ,ศ
ว,ว
ก,ก
ร,ร
รม,รม
ค,ค
อ,อ
ม,ม
พิ,พิ
ว,ว
เ,เ
ต,ต
,
อ,อ
ร์,ร์
ค,ค
ณ,ณ
ะ,ะ
วิ,วิ
ศ,ศ
ว,ว
ก,ก
ร,ร
ร,ร
ม,ม
ศ,ศ
า,า
ส,ส
ต,ต
ร์,ร์
โ,โ
ท,ท
ร,ร
,
๐,๐
๒,๒
,
๗,๗
๙,๙
๗-,๗-
๐,๐
๙,๙
๙,๙
๙,๙
ต่,ต่
อ,อ
๑,๑
๔,๔
๐,๐
๓,๓
,
๑,๑
๔,๔
๐,๐
๔,๔
,
,
,
,
,
,
,
,
๒,๒
๕,๕
๖,๖
๑,๑
,
,
,
,
,
,
,
,
,
,
,
,
,
,
,
,
,
,
,
,
,
,
,
,
,
,
,
เ,เ
ว,ว
ล,ล
า,า
,
๑,๑
๐,๐
,
๐,๐
๐,๐
,
๑,๑
๖,๖
,
๐,๐
๐,๐
น,น
,
,
,
เริ่,เริ่
ม,ม
ตั้ง,ตั้ง
เ,เ
เ,เ
ต่,ต่
วัน,วัน
ที่,ที่
๑,๑
๐,๐
,
ม,ม
,
ก,ก
ร,ร
า,า
ค,ค
ม,ม
,
,
๑,๑
๐,๐
พ,พ
ฤ,ฤ
ษภ,ษภ
,
า,า
ค,ค
ม,ม
๒,๒
๕,๕
๖,๖
๒,๒
หัว,หัว
ห,ห
น้,น้
า,า
ภ,ภ
า,า
ควิ,ควิ
ช,ช
าวิ,าวิ
ศว,ศว
ก,ก
ร,ร
ร,ร
ม,ม
ค,ค
อ,อ
ม,ม
,
พิ,พิ
ว,ว
,
เ,เ
ต,ต
,
อ,อ
ร์,ร์
